aX,aY,aZ,gX,gY,gZ
-0.571,1.567,0.579,-0.427,-43.579,-14.221
-0.564,1.578,0.637,0.793,-52.368,-2.930
-0.591,1.578,0.683,3.662,-59.265,0.061
-0.617,1.591,0.688,9.155,-59.326,1.953
-0.617,1.605,0.682,16.052,-49.866,5.676
-0.590,1.587,0.690,21.179,-33.386,9.399
-0.536,1.534,0.706,24.841,-15.076,12.512
-0.456,1.465,0.727,28.931,1.038,15.442
-0.370,1.386,0.737,34.119,13.611,17.334
-0.283,1.339,0.740,39.734,21.240,15.564
-0.209,1.250,0.723,46.082,24.475,17.029
-0.146,1.193,0.704,51.392,28.625,19.897
-0.091,1.127,0.666,53.528,29.724,20.630
-0.065,1.065,0.628,52.612,27.649,20.508
-0.071,1.016,0.593,50.537,23.071,20.569
-0.080,0.970,0.565,47.729,17.761,22.217
-0.104,0.928,0.537,44.495,12.085,25.024
-0.114,0.873,0.507,40.100,6.653,29.236
-0.099,0.785,0.488,33.997,1.831,34.363
-0.071,0.683,0.471,26.855,-3.357,39.063
-0.048,0.597,0.461,19.348,-8.728,42.786
-0.019,0.517,0.452,10.315,-12.756,44.983
0.001,0.453,0.454,0.793,-14.221,45.654
0.022,0.391,0.462,-8.240,-11.597,45.349
0.025,0.345,0.493,-16.235,-6.104,43.945
0.016,0.291,0.519,-22.949,0.793,42.053
0.008,0.217,0.565,-28.320,7.996,39.978
0.002,0.123,0.608,-32.043,13.855,37.720
0.026,0.058,0.673,-33.325,20.874,35.156
0.049,0.010,0.739,-33.325,28.992,31.616
0.066,-0.026,0.802,-32.776,38.757,27.222
0.094,-0.042,0.869,-31.189,50.232,22.156
0.117,-0.072,0.959,-27.649,63.416,20.447
0.120,-0.073,1.025,-27.039,73.547,16.663
0.094,-0.095,1.111,-24.963,71.289,10.132
0.055,-0.120,1.182,-23.315,55.786,4.333
0.026,-0.163,1.222,-21.545,37.537,-1.221
0.030,-0.215,1.239,-18.127,21.484,-1.892
0.059,-0.267,1.243,-15.564,10.071,0.549
0.117,-0.300,1.242,-13.794,2.380,3.784
0.204,-0.326,1.246,-12.085,-3.357,4.639
0.276,-0.338,1.266,-9.949,-7.263,1.526
0.309,-0.341,1.292,-5.920,-5.249,-4.883
0.320,-0.336,1.315,-0.427,3.784,-12.756
0.301,-0.324,1.326,6.042,14.648,-20.386
0.257,-0.313,1.326,11.841,20.874,-27.222
0.203,-0.298,1.312,15.625,20.752,-30.823
0.160,-0.273,1.287,17.761,14.221,-28.809
0.135,-0.240,1.248,18.005,2.747,-23.376
0.114,-0.197,1.212,16.357,-9.949,-16.479
0.108,-0.164,1.175,12.024,-22.156,-9.888
0.119,-0.125,1.147,7.019,-32.227,-5.676
0.114,-0.083,1.136,2.930,-39.673,-4.333
0.087,-0.039,1.130,0.610,-42.786,-5.249
0.048,0.009,1.126,0.061,-40.100,-7.385
0.001,0.044,1.137,0.671,-32.532,-10.071
-0.045,0.085,1.148,3.906,-22.400,-12.939
-0.096,0.125,1.147,9.399,-11.841,-15.564
-0.134,0.150,1.134,14.648,-3.296,-17.090
-0.167,0.165,1.110,19.409,2.136,-17.273
-0.187,0.176,1.079,23.010,5.127,-15.930
-0.199,0.186,1.040,24.841,5.432,-13.184
-0.208,0.189,0.998,24.658,2.686,-9.033
-0.202,0.192,0.958,22.827,-1.587,-4.822
-0.183,0.198,0.921,19.592,-6.653,-0.671
-0.159,0.195,0.889,14.587,-11.719,3.174
-0.135,0.193,0.872,9.216,-15.442,6.042
-0.114,0.196,0.865,4.822,-16.357,8.423
-0.097,0.209,0.876,1.160,-14.282,9.949
-0.084,0.209,0.895,-1.587,-10.132,10.132
-0.073,0.213,0.919,-2.808,-5.859,9.216
-0.075,0.217,0.947,-2.563,-1.648,7.935
-0.072,0.231,0.973,-0.977,2.625,6.836
-0.062,0.234,0.995,1.343,6.104,6.287
-0.056,0.239,1.005,3.723,7.385,5.310
-0.057,0.243,1.001,5.981,6.226,4.150
-0.054,0.250,0.991,7.690,3.784,4.028
-0.051,0.253,0.976,8.484,1.526,4.395
-0.047,0.257,0.957,8.484,-0.427,4.761
-0.046,0.257,0.941,7.629,-2.502,4.944
-0.048,0.259,0.932,6.470,-4.456,4.700
-0.055,0.256,0.926,5.371,-5.920,4.456
-0.055,0.254,0.923,4.272,-6.409,4.272
-0.059,0.246,0.922,3.174,-6.348,3.845
-0.062,0.242,0.929,2.686,-5.920,2.991
-0.064,0.242,0.937,2.808,-5.188,2.808
-0.065,0.237,0.942,3.540,-3.967,2.136
-0.063,0.235,0.943,4.089,-3.052,1.648
-0.064,0.235,0.936,4.211,-2.747,1.404
-0.069,0.231,0.934,3.845,-2.808,0.977
-0.072,0.227,0.930,3.296,-3.174,0.854
-0.076,0.225,0.927,2.441,-3.113,0.916
-0.075,0.226,0.926,1.465,-3.052,0.916
-0.074,0.229,0.925,-0.183,-2.808,1.038
-0.077,0.229,0.930,-2.563,-2.686,0.793
-0.084,0.227,0.944,-4.395,-2.075,0.183
-0.090,0.227,0.962,-4.944,-0.916,0.488
-0.091,0.231,0.979,-4.578,0.427,0.793
-0.092,0.232,0.995,-3.784,1.343,1.038
-0.087,0.229,1.006,-2.380,1.648,1.038
-0.084,0.227,1.008,-0.671,1.526,0.977
-0.079,0.229,1.007,1.221,0.793,0.732
-0.077,0.233,0.999,2.747,-0.061,0.854
-0.072,0.238,0.989,3.357,-0.427,0.488
-0.081,0.241,0.986,3.601,-0.366,-0.244
-0.090,0.238,0.986,4.211,0.366,-1.099
-0.093,0.238,0.982,5.249,1.404,-1.160
-0.092,0.234,0.967,5.920,2.075,-0.916
-0.092,0.234,0.946,5.371,1.465,-0.549
-0.094,0.234,0.936,4.456,0.854,-0.793
-0.091,0.232,0.933,3.418,0.977,-0.854
-0.090,0.227,0.940,2.747,1.465,-0.732
-0.088,0.223,0.949,2.869,1.587,-0.488
-0.087,0.221,0.949,3.296,1.587,-0.183
-0.081,0.220,0.946,3.540,1.648,0.366
-0.078,0.218,0.938,3.601,1.038,0.122
-0.079,0.217,0.935,3.540,0.183,-0.061
-0.078,0.217,0.937,3.845,-0.427,-0.061
-0.075,0.213,0.933,3.967,-0.793,0.061

-0.540,1.574,0.732,1.160,-37.720,-13.550
-0.606,1.591,0.752,7.141,-32.654,-10.254
-0.621,1.582,0.736,14.099,-27.710,-3.052
-0.591,1.551,0.695,20.020,-23.865,6.348
-0.527,1.505,0.667,23.865,-20.996,15.381
-0.451,1.444,0.646,26.611,-17.883,21.545
-0.367,1.382,0.622,29.053,-13.977,26.306
-0.274,1.322,0.602,31.250,-8.728,28.809
-0.204,1.249,0.581,32.227,-2.869,27.832
-0.162,1.182,0.561,32.898,3.540,25.452
-0.130,1.118,0.551,33.081,10.925,23.376
-0.116,1.046,0.548,32.166,18.066,22.095
-0.115,0.970,0.557,30.212,23.499,22.156
-0.117,0.888,0.574,28.320,26.978,23.621
-0.117,0.820,0.588,26.306,27.649,27.161
-0.097,0.755,0.610,23.437,25.696,31.738
-0.079,0.674,0.633,18.982,21.545,35.278
-0.069,0.582,0.656,13.977,15.259,37.048
-0.054,0.494,0.677,9.216,8.911,38.940
-0.027,0.413,0.692,5.554,5.493,40.649
-0.009,0.341,0.698,2.502,3.296,41.077
-0.022,0.283,0.703,-1.160,0.977,39.307
-0.039,0.226,0.717,-5.310,-1.221,36.865
-0.042,0.161,0.739,-9.399,-1.770,35.217
-0.018,0.121,0.770,-11.414,1.709,33.569
-0.007,0.088,0.795,-12.756,9.216,30.884
-0.012,0.058,0.827,-13.855,17.456,26.428
-0.021,0.027,0.862,-14.160,25.269,22.156
-0.020,-0.015,0.907,-14.954,29.236,17.578
-0.024,-0.056,0.942,-15.137,28.809,13.000
-0.033,-0.073,0.967,-13.306,26.855,9.705
-0.040,-0.091,0.994,-10.376,26.306,7.935
-0.030,-0.101,1.019,-7.690,28.442,7.935
-0.008,-0.104,1.038,-5.737,29.968,9.949
0.035,-0.105,1.061,-5.249,28.503,10.803
0.058,-0.095,1.083,-6.531,22.156,10.254
0.066,-0.112,1.105,-8.362,14.221,6.897
0.058,-0.145,1.124,-10.315,7.568,4.272
0.050,-0.168,1.144,-11.597,2.563,3.418
0.050,-0.185,1.156,-11.536,-0.549,4.028
0.052,-0.192,1.168,-11.230,-3.479,5.127
0.051,-0.192,1.189,-10.254,-7.141,5.188
0.057,-0.187,1.204,-8.423,-10.376,5.737
0.081,-0.167,1.209,-5.493,-13.062,7.446
0.089,-0.153,1.201,-2.869,-16.357,7.751
0.090,-0.142,1.189,-0.732,-20.081,7.385
0.095,-0.118,1.171,1.526,-22.522,7.263
0.091,-0.088,1.155,3.540,-23.132,6.409
0.101,-0.061,1.151,4.028,-22.644,4.700
0.078,-0.029,1.168,2.747,-28.137,1.282
0.058,0.021,1.167,0.854,-37.659,-3.723
0.031,0.050,1.164,1.404,-36.072,-3.723
0.016,0.081,1.152,3.540,-31.555,-3.845
-0.001,0.107,1.135,5.737,-28.259,-6.409
-0.031,0.122,1.113,8.057,-23.621,-8.911
-0.065,0.138,1.081,10.925,-18.494,-11.414
-0.097,0.161,1.053,13.245,-13.306,-14.099
-0.134,0.170,1.028,14.954,-7.935,-16.235
-0.161,0.182,1.001,16.296,-2.808,-17.334
-0.184,0.204,0.989,17.761,1.953,-17.883
-0.196,0.221,0.976,17.761,5.371,-17.578
-0.202,0.237,0.966,16.296,6.287,-15.808
-0.200,0.251,0.956,13.550,4.700,-12.756
-0.193,0.258,0.950,9.888,1.282,-9.033
-0.185,0.265,0.947,6.348,-2.197,-5.005
-0.175,0.271,0.944,3.479,-4.883,-1.892
-0.172,0.271,0.947,1.648,-6.226,0.427
-0.166,0.272,0.955,0.549,-6.165,2.075
-0.154,0.276,0.958,0.488,-4.761,3.113
-0.139,0.283,0.952,1.160,-3.052,3.418
-0.131,0.291,0.944,1.709,-1.343,2.502
-0.130,0.302,0.938,2.014,0.793,0.854
-0.139,0.314,0.938,2.625,3.967,-0.610
-0.140,0.322,0.943,3.784,7.874,-1.831
-0.139,0.331,0.941,4.456,10.559,-2.197
-0.143,0.328,0.939,3.967,11.658,-2.380
-0.146,0.329,0.943,3.479,11.292,-2.380
-0.148,0.326,0.944,2.991,9.949,-1.953
-0.145,0.325,0.939,2.625,7.507,-0.610
-0.138,0.320,0.925,2.502,5.676,0.854
-0.127,0.320,0.921,2.380,4.089,1.953
-0.112,0.318,0.917,2.380,2.808,2.991
-0.100,0.323,0.915,2.258,2.136,3.113
-0.092,0.317,0.915,1.709,1.770,2.197
-0.094,0.315,0.925,1.221,2.197,0.366
-0.100,0.310,0.935,1.770,2.930,-1.221
-0.104,0.301,0.944,3.052,3.784,-1.953
-0.112,0.302,0.950,4.883,3.845,-2.136
-0.117,0.305,0.942,6.775,3.418,-2.258
-0.122,0.298,0.924,7.812,2.441,-2.258
-0.120,0.289,0.909,8.118,1.465,-2.014
-0.115,0.282,0.900,7.996,0.244,-1.526
-0.107,0.278,0.896,7.690,-1.099,-0.916
-0.098,0.271,0.891,6.592,-2.014,-0.671
-0.095,0.270,0.897,4.822,-2.502,-0.854
-0.093,0.270,0.905,3.601,-2.441,-1.099
-0.093,0.267,0.913,2.747,-1.587,-1.465
-0.093,0.266,0.921,1.953,-0.671,-1.831
-0.094,0.265,0.931,1.404,-0.061,-1.831
-0.095,0.262,0.940,1.343,0.305,-2.014
-0.103,0.266,0.948,1.282,0.732,-2.258
-0.112,0.270,0.953,1.953,1.343,-2.380
-0.115,0.270,0.953,2.502,2.075,-2.258
-0.120,0.270,0.954,3.052,2.502,-2.197
-0.124,0.265,0.945,3.357,2.625,-2.075
-0.125,0.268,0.940,3.540,2.747,-2.136
-0.125,0.268,0.936,3.479,2.747,-2.075
-0.127,0.267,0.938,3.296,2.686,-2.014
-0.125,0.266,0.942,3.052,2.686,-1.831
-0.119,0.267,0.943,2.686,2.319,-1.160
-0.115,0.269,0.943,2.319,1.343,-0.549
-0.114,0.268,0.946,2.319,0.916,-0.488
-0.112,0.269,0.947,2.686,1.099,-0.671
-0.110,0.270,0.943,3.296,1.221,-0.793
-0.112,0.271,0.935,3.662,1.282,-0.977
-0.114,0.271,0.929,3.784,1.038,-1.404
-0.119,0.275,0.929,3.662,1.038,-1.648
-0.126,0.276,0.932,4.028,1.221,-1.709
-0.126,0.281,0.934,4.456,1.465,-1.282

-0.533,1.758,0.572,-16.174,-30.090,-55.786
-0.629,1.810,0.612,-9.216,-11.719,-58.167
-0.724,1.856,0.662,-0.122,2.136,-53.345
-0.794,1.870,0.683,10.437,10.132,-43.152
-0.794,1.844,0.669,19.836,10.132,-27.222
-0.731,1.784,0.625,26.123,1.343,-8.728
-0.597,1.712,0.565,30.518,-12.695,9.277
-0.420,1.627,0.497,33.508,-26.245,23.560
-0.239,1.534,0.425,34.607,-34.973,30.273
-0.080,1.439,0.379,34.302,-37.048,30.273
0.037,1.354,0.349,34.119,-33.081,24.048
0.145,1.277,0.361,34.607,-23.376,14.709
0.206,1.188,0.415,36.194,-11.047,3.723
0.183,1.121,0.463,39.368,-0.488,-7.202
0.123,1.082,0.499,44.495,8.179,-13.428
0.052,1.048,0.518,49.072,14.221,-12.207
0.005,0.992,0.531,52.673,15.320,-7.202
-0.034,0.908,0.525,54.382,6.592,-0.854
-0.081,0.808,0.505,52.612,-10.071,8.301
-0.098,0.716,0.485,46.387,-29.541,20.935
-0.096,0.627,0.464,36.926,-46.997,33.997
-0.078,0.541,0.453,25.696,-59.570,45.654
-0.079,0.438,0.462,14.343,-67.688,54.199
-0.093,0.327,0.479,2.747,-72.266,57.678
-0.099,0.240,0.505,-6.104,-70.862,57.556
-0.092,0.211,0.556,-10.132,-59.753,56.213
-0.066,0.173,0.636,-10.864,-39.612,52.063
-0.039,0.119,0.731,-7.324,-13.733,43.213
-0.035,0.080,0.836,0.854,13.062,31.128
-0.037,0.080,0.924,10.925,39.795,18.555
-0.041,0.088,0.996,22.888,63.171,7.690
-0.046,0.083,1.035,33.203,79.712,-0.793
-0.063,0.096,1.061,39.978,86.304,-6.165
-0.058,0.115,1.086,43.579,82.275,-9.277
-0.051,0.134,1.094,42.969,67.444,-10.681
-0.061,0.127,1.095,38.879,48.828,-7.446
-0.059,0.090,1.093,32.410,31.250,-1.648
-0.035,0.044,1.111,26.367,15.686,5.798
-0.001,-0.024,1.128,22.217,2.380,11.963
0.041,-0.095,1.142,20.508,-7.080,13.733
0.083,-0.175,1.152,22.095,-13.367,11.475
0.100,-0.235,1.158,26.672,-12.878,4.211
0.105,-0.272,1.148,33.142,-5.005,-4.211
0.107,-0.271,1.137,40.222,6.287,-12.451
0.080,-0.262,1.122,45.410,17.700,-18.433
0.047,-0.240,1.108,47.974,25.574,-23.071
0.019,-0.219,1.087,47.546,27.649,-24.353
-0.000,-0.195,1.068,43.579,23.437,-22.644
0.001,-0.203,1.101,35.706,10.925,-19.348
-0.014,-0.166,1.112,23.926,-18.494,-19.958
-0.034,-0.139,1.097,13.367,-39.429,-13.855
-0.020,-0.129,1.101,7.996,-42.358,-3.113
0.003,-0.110,1.099,3.113,-41.626,4.150
0.009,-0.089,1.101,-0.977,-39.734,8.057
0.007,-0.070,1.103,-3.174,-35.339,8.911
0.003,-0.054,1.103,-3.296,-29.968,7.568
-0.001,-0.046,1.101,-1.709,-22.827,3.296
-0.020,-0.014,1.092,1.587,-15.564,-1.770
-0.055,0.023,1.070,5.371,-7.935,-6.104
-0.103,0.072,1.044,8.850,0.732,-10.498
-0.147,0.115,1.021,12.390,8.972,-12.878
-0.180,0.154,1.000,13.733,13.916,-13.489
-0.209,0.188,0.981,13.733,15.381,-13.306
-0.228,0.219,0.969,12.268,14.343,-11.475
-0.244,0.243,0.957,10.437,11.658,-9.094
-0.250,0.261,0.945,8.423,8.606,-5.920
-0.244,0.281,0.931,6.775,5.554,-2.808
-0.239,0.298,0.915,4.700,2.869,-0.610
-0.228,0.311,0.908,3.235,1.526,0.732
-0.210,0.318,0.901,1.709,1.038,1.587
-0.204,0.320,0.903,0.244,1.160,1.404
-0.202,0.321,0.911,-0.183,2.197,1.343
-0.196,0.314,0.921,0.305,4.333,1.709
-0.188,0.316,0.927,1.160,5.066,2.441
-0.181,0.309,0.918,1.648,4.150,3.357
-0.172,0.304,0.911,1.709,2.625,4.578
-0.160,0.301,0.902,1.648,0.793,6.042
-0.151,0.302,0.902,1.465,-0.854,7.080
-0.142,0.299,0.895,1.221,-1.892,7.690
-0.138,0.300,0.896,0.671,-2.319,7.690
-0.133,0.300,0.900,0.671,-2.808,7.324
-0.130,0.298,0.904,0.793,-3.296,7.019
-0.129,0.301,0.908,1.160,-4.028,6.653
-0.123,0.303,0.906,1.343,-4.578,6.531
-0.114,0.300,0.906,1.160,-5.249,6.653
-0.107,0.293,0.908,0.854,-5.981,5.554
-0.103,0.287,0.915,0.793,-6.470,4.700
-0.099,0.284,0.923,0.854,-6.592,4.211
-0.097,0.281,0.918,0.732,-6.897,3.479
-0.102,0.285,0.923,0.244,-6.958,2.258
-0.106,0.281,0.927,0.061,-6.897,1.221
-0.111,0.280,0.940,0.488,-5.981,-0.244
-0.114,0.275,0.953,0.854,-5.188,-1.099
-0.116,0.272,0.951,1.343,-4.822,-1.160
-0.118,0.267,0.943,0.977,-5.249,-1.160
-0.119,0.265,0.944,0.244,-5.798,-0.732
-0.121,0.261,0.948,-0.488,-6.165,-0.366
-0.125,0.258,0.956,-0.732,-6.348,-0.366
-0.126,0.255,0.967,-0.305,-5.920,-0.122
-0.128,0.258,0.974,0.366,-5.249,-0.183
-0.135,0.256,0.981,1.526,-4.150,-0.366
-0.139,0.255,0.988,2.869,-2.502,-0.977
-0.145,0.255,0.993,4.578,-0.916,-1.221
-0.149,0.258,0.990,6.409,0.427,-1.404
-0.149,0.264,0.980,7.568,1.587,-1.282
-0.151,0.258,0.964,7.568,2.625,-1.526
-0.153,0.254,0.953,7.629,3.479,-1.465
-0.161,0.252,0.950,8.057,4.150,-1.404
-0.168,0.251,0.948,8.118,4.639,-1.404
-0.173,0.254,0.942,8.545,5.005,-1.038
-0.176,0.253,0.927,8.789,5.188,-0.671
-0.174,0.254,0.915,8.362,4.883,0.000
-0.171,0.260,0.904,7.935,4.272,0.549
-0.165,0.258,0.894,6.531,3.845,1.038
-0.156,0.255,0.895,5.432,3.723,1.343
-0.151,0.254,0.901,4.456,3.479,1.343
-0.145,0.254,0.910,3.418,3.052,1.160
-0.138,0.256,0.919,2.808,2.625,1.404
-0.134,0.254,0.923,2.258,2.136,1.404

-0.703,1.469,0.532,-8.301,-34.119,-56.702
-0.752,1.440,0.576,-2.197,-20.081,-49.194
-0.787,1.406,0.594,4.028,-13.977,-38.635
-0.776,1.364,0.593,9.644,-13.489,-24.780
-0.696,1.323,0.587,14.343,-14.404,-9.338
-0.594,1.281,0.580,16.785,-16.174,3.235
-0.500,1.251,0.573,17.883,-17.273,11.841
-0.414,1.226,0.569,19.104,-14.221,16.846
-0.337,1.200,0.573,20.630,-6.470,18.860
-0.267,1.166,0.584,22.400,2.991,19.836
-0.206,1.116,0.597,24.109,12.695,19.897
-0.167,1.053,0.606,26.062,20.020,19.470
-0.144,1.000,0.607,28.625,24.353,19.104
-0.125,0.952,0.589,30.518,26.306,20.752
-0.104,0.911,0.576,31.006,26.733,23.682
-0.075,0.874,0.579,29.541,26.367,27.344
-0.046,0.829,0.601,26.917,25.513,30.151
-0.032,0.779,0.633,22.461,23.071,31.433
-0.035,0.723,0.677,16.907,18.311,31.250
-0.044,0.679,0.708,11.536,13.367,32.715
-0.050,0.629,0.739,7.996,9.277,35.828
-0.038,0.573,0.763,6.287,6.470,38.086
-0.038,0.521,0.778,5.859,5.127,37.842
-0.040,0.481,0.788,6.226,7.629,37.109
-0.035,0.436,0.794,7.324,14.343,37.170
-0.034,0.395,0.801,7.751,21.667,36.682
-0.025,0.369,0.811,7.935,28.442,35.034
-0.032,0.355,0.818,7.080,31.982,34.058
-0.048,0.338,0.833,4.883,32.837,32.776
-0.063,0.319,0.861,2.014,31.555,32.898
-0.062,0.297,0.895,-0.305,28.809,33.997
-0.058,0.279,0.932,-0.732,26.367,35.278
-0.039,0.253,0.963,0.244,24.536,36.255
-0.022,0.223,0.983,2.441,21.973,36.316
0.004,0.199,0.993,5.249,18.799,33.691
0.003,0.192,0.984,7.202,15.137,28.381
-0.016,0.187,0.975,7.812,13.367,21.973
-0.044,0.194,0.994,9.399,16.235,16.663
-0.058,0.192,1.007,12.451,22.400,14.099
-0.063,0.192,1.017,16.357,27.771,12.390
-0.078,0.195,1.019,20.752,29.358,9.766
-0.095,0.199,1.007,24.048,27.283,8.301
-0.111,0.192,0.993,25.330,23.376,7.996
-0.121,0.184,0.980,26.184,19.348,8.911
-0.117,0.187,0.973,26.855,15.808,11.108
-0.104,0.175,0.969,27.344,13.367,13.306
-0.087,0.161,0.964,27.954,10.742,14.893
-0.063,0.136,0.954,28.198,7.568,15.015
-0.041,0.125,0.953,28.625,4.089,13.489
-0.024,0.108,0.939,28.198,0.977,10.925
-0.021,0.091,0.930,27.466,-1.892,8.118
-0.026,0.070,0.928,26.733,-3.479,5.249
-0.037,0.066,0.939,26.611,-3.357,2.502
-0.049,0.053,0.952,27.405,-1.770,0.305
-0.046,0.037,0.955,28.320,1.282,-1.282
-0.046,0.031,0.960,29.785,4.456,-2.319
-0.043,0.029,0.965,30.701,7.019,-3.540
-0.041,0.039,0.970,30.823,8.362,-4.578
-0.050,0.052,0.984,29.846,8.240,-5.676
-0.055,0.057,0.998,28.259,6.775,-6.531
-0.048,0.066,1.010,26.855,4.089,-6.042
-0.046,0.078,1.017,25.269,-0.183,-5.310
-0.048,0.077,1.022,24.048,-4.150,-5.493
-0.052,0.074,1.019,22.827,-7.446,-5.066
-0.050,0.069,1.012,22.095,-9.888,-3.845
-0.047,0.060,0.999,21.851,-12.512,-3.357
-0.059,0.055,0.976,21.423,-14.282,-4.517
-0.074,0.054,0.955,20.630,-14.343,-5.676
-0.086,0.048,0.955,19.287,-14.832,-6.958
-0.099,0.059,0.957,16.418,-18.433,-8.423
-0.108,0.068,0.961,13.611,-19.409,-7.141
-0.099,0.082,0.969,10.925,-18.860,-4.761
-0.084,0.094,0.982,8.362,-18.494,-2.869
-0.070,0.107,1.000,5.432,-19.287,-1.831
-0.063,0.124,1.022,3.174,-18.982,-0.793
-0.056,0.138,1.046,1.221,-18.860,0.000
-0.058,0.144,1.063,0.305,-18.799,0.488
-0.054,0.152,1.074,1.099,-18.066,0.671
-0.056,0.153,1.063,2.502,-17.151,0.244
-0.063,0.158,1.045,4.333,-15.320,-1.099
-0.072,0.160,1.028,6.775,-11.963,-2.563
-0.085,0.164,1.008,8.484,-8.057,-4.211
-0.102,0.172,0.991,9.644,-4.700,-5.798
-0.119,0.182,0.981,10.498,-1.160,-7.385
-0.135,0.188,0.972,10.620,2.136,-8.240
-0.150,0.197,0.968,10.193,4.578,-8.301
-0.158,0.205,0.964,9.399,5.920,-7.446
-0.162,0.210,0.965,8.423,5.981,-5.920
-0.159,0.218,0.962,7.568,5.371,-3.662
-0.153,0.227,0.956,6.409,3.845,-2.258
-0.147,0.227,0.949,5.310,2.563,-1.282
-0.145,0.224,0.946,5.005,2.258,-0.793
-0.144,0.224,0.941,4.700,2.502,-0.366
-0.145,0.222,0.937,4.395,2.930,-0.366
-0.144,0.221,0.924,4.089,3.540,-0.427
-0.148,0.218,0.915,3.540,3.784,-1.099
-0.153,0.218,0.912,3.052,3.845,-1.526
-0.156,0.218,0.910,2.686,3.906,-1.526
-0.152,0.226,0.907,2.258,3.479,-1.160
-0.149,0.231,0.906,1.038,2.319,-0.610
-0.146,0.236,0.910,-0.549,1.831,-0.488
-0.147,0.238,0.924,-1.587,1.892,-0.610
-0.145,0.241,0.941,-1.831,1.648,-0.427
-0.138,0.250,0.950,-1.343,1.160,0.000
-0.138,0.253,0.957,-1.160,0.427,-0.244
-0.140,0.254,0.965,-0.610,0.000,-0.244
-0.137,0.251,0.972,0.916,0.488,-0.122
-0.136,0.251,0.974,2.502,0.916,-0.122
-0.142,0.249,0.965,3.601,0.854,-0.061
-0.146,0.242,0.955,4.028,1.038,0.061
-0.146,0.239,0.956,4.761,1.282,0.000
-0.145,0.234,0.953,5.493,1.587,0.183
-0.140,0.231,0.946,6.165,2.014,0.061
-0.130,0.225,0.932,5.920,2.136,0.122
-0.126,0.227,0.931,5.066,2.258,-0.061
-0.124,0.222,0.937,4.333,2.808,-0.244
-0.119,0.215,0.947,3.906,2.991,0.061
-0.120,0.208,0.953,3.906,2.808,0.305
-0.119,0.199,0.952,4.578,2.319,0.305

-0.487,1.677,0.507,-42.786,-65.369,-9.033
-0.552,1.688,0.609,-37.415,-69.214,-11.719
-0.651,1.701,0.683,-27.771,-68.542,-17.639
-0.762,1.701,0.719,-16.235,-61.218,-22.461
-0.844,1.673,0.727,-4.456,-49.194,-20.691
-0.860,1.623,0.705,6.653,-36.499,-11.536
-0.800,1.544,0.666,14.771,-27.588,1.465
-0.688,1.460,0.624,20.447,-24.170,16.418
-0.554,1.355,0.573,23.132,-25.818,30.151
-0.416,1.264,0.519,24.048,-27.893,40.466
-0.291,1.186,0.472,23.865,-27.649,47.058
-0.187,1.129,0.443,23.437,-22.644,48.767
-0.115,1.082,0.430,23.132,-11.658,46.448
-0.065,1.046,0.445,23.804,3.784,42.480
-0.028,1.021,0.471,25.574,22.949,36.804
-0.004,0.991,0.507,27.649,41.748,30.334
-0.005,0.951,0.557,29.175,56.152,24.414
-0.033,0.903,0.611,30.029,63.416,19.348
-0.069,0.850,0.654,29.541,63.965,16.724
-0.099,0.787,0.680,27.588,58.899,19.531
-0.129,0.742,0.698,25.940,48.584,27.771
-0.138,0.700,0.712,24.536,35.522,37.292
-0.118,0.658,0.715,21.606,22.156,45.837
-0.081,0.604,0.715,17.334,8.911,53.040
-0.049,0.549,0.723,13.306,-3.235,58.533
-0.019,0.491,0.740,9.033,-11.902,61.340
0.008,0.440,0.759,5.920,-16.418,61.340
0.017,0.394,0.772,3.540,-15.869,61.096
0.018,0.349,0.796,1.892,-10.864,58.838
0.025,0.317,0.825,1.343,-2.869,54.260
0.036,0.282,0.850,2.197,6.531,49.072
0.048,0.253,0.871,2.930,14.709,43.579
0.037,0.235,0.901,3.235,19.592,36.682
0.014,0.222,0.939,3.784,21.545,30.273
-0.013,0.207,0.974,5.249,21.667,25.146
-0.034,0.183,0.992,7.324,20.935,22.278
-0.052,0.161,1.003,10.559,18.738,21.118
-0.068,0.110,1.001,14.404,15.381,19.592
-0.087,0.049,0.983,18.494,11.414,16.479
-0.095,0.010,0.949,23.010,7.385,13.672
-0.112,-0.023,0.903,26.611,4.761,10.742
-0.117,-0.045,0.858,28.442,4.761,7.751
-0.126,-0.075,0.826,28.442,7.751,5.676
-0.128,-0.091,0.818,26.489,13.062,4.456
-0.113,-0.097,0.811,23.376,18.799,3.723
-0.134,-0.092,0.831,18.799,22.034,2.197
-0.152,-0.101,0.865,14.221,23.254,0.916
-0.151,-0.108,0.908,9.949,23.254,3.052
-0.129,-0.117,0.950,6.409,20.569,6.897
-0.092,-0.115,0.982,3.662,14.893,10.437
-0.056,-0.099,1.008,1.343,7.080,13.000
-0.031,-0.089,1.026,-1.099,-0.671,13.489
-0.017,-0.081,1.037,-2.747,-6.714,12.451
-0.009,-0.069,1.046,-3.174,-8.972,10.559
-0.002,-0.044,1.055,-2.563,-8.179,8.240
0.001,-0.025,1.066,-1.038,-4.333,5.127
0.001,-0.007,1.085,-0.305,0.000,1.648
-0.003,0.012,1.103,0.427,3.174,-0.854
-0.011,0.041,1.129,0.854,4.944,-2.502
-0.005,0.049,1.177,0.916,4.700,-3.906
-0.033,0.079,1.213,0.183,-4.517,-6.409
-0.055,0.114,1.229,1.282,-15.442,-8.850
-0.064,0.133,1.224,5.615,-17.822,-5.432
-0.056,0.143,1.205,10.986,-17.395,-2.930
-0.051,0.152,1.179,14.771,-17.578,-1.831
-0.058,0.153,1.146,16.479,-17.700,-2.197
-0.071,0.157,1.114,17.517,-16.296,-3.357
-0.089,0.165,1.083,19.653,-12.878,-5.127
-0.111,0.173,1.055,20.691,-8.972,-7.080
-0.137,0.175,1.036,20.569,-6.104,-8.667
-0.157,0.174,1.018,20.447,-3.601,-9.399
-0.171,0.176,1.001,20.813,-0.549,-9.094
-0.178,0.181,0.990,20.935,1.831,-8.240
-0.182,0.187,0.976,20.691,3.723,-6.897
-0.177,0.187,0.958,19.836,4.883,-4.761
-0.172,0.194,0.942,18.250,5.127,-2.869
-0.170,0.196,0.931,15.991,4.517,-1.770
-0.171,0.202,0.924,13.367,3.967,-0.061
-0.163,0.205,0.923,11.108,3.784,2.075
-0.149,0.206,0.920,9.216,3.418,3.601
-0.133,0.207,0.916,7.812,2.502,4.761
-0.117,0.209,0.912,6.287,1.770,5.188
-0.105,0.213,0.906,5.188,1.831,4.150
-0.101,0.219,0.899,4.395,2.808,2.625
-0.101,0.228,0.895,3.845,4.395,0.427
-0.115,0.240,0.891,2.808,5.798,-1.587
-0.134,0.258,0.891,1.953,7.080,-3.174
-0.153,0.271,0.898,0.977,7.751,-3.967
-0.167,0.280,0.911,0.488,7.385,-3.662
-0.175,0.287,0.915,0.061,6.104,-2.747
-0.180,0.293,0.925,0.000,4.456,-1.953
-0.177,0.301,0.921,0.305,2.502,-0.732
-0.174,0.303,0.921,0.244,0.854,0.305
-0.167,0.303,0.925,0.610,0.061,0.854
-0.159,0.301,0.934,1.343,0.061,1.038
-0.154,0.297,0.941,2.319,0.488,0.366
-0.151,0.291,0.943,3.235,0.916,-0.183
-0.149,0.287,0.943,4.089,0.671,-0.305
-0.145,0.279,0.939,4.639,0.244,-0.671
-0.139,0.270,0.934,5.127,-0.793,-0.244
-0.130,0.258,0.925,5.005,-2.075,0.427
-0.123,0.249,0.919,4.333,-3.235,0.732
-0.119,0.240,0.919,3.845,-4.272,1.038
-0.119,0.230,0.923,3.418,-4.883,0.610
-0.116,0.221,0.927,3.540,-4.456,-0.061
-0.111,0.219,0.924,3.967,-3.906,-0.488
-0.108,0.215,0.912,3.479,-3.540,-1.282
-0.117,0.219,0.914,2.686,-2.930,-2.136
-0.126,0.218,0.921,2.136,-2.075,-2.686
-0.133,0.220,0.932,1.770,-1.709,-3.052
-0.134,0.224,0.936,1.648,-1.892,-2.686
-0.138,0.227,0.928,1.099,-2.686,-2.258
-0.142,0.231,0.925,0.061,-3.540,-2.014
-0.145,0.233,0.926,-0.305,-3.601,-1.953
-0.147,0.235,0.932,-0.244,-3.357,-1.953
-0.146,0.242,0.935,0.061,-3.113,-2.075
-0.154,0.244,0.926,-0.122,-3.235,-2.502
-0.160,0.248,0.922,-1.038,-3.235,-2.930
-0.172,0.250,0.928,-1.709,-2.991,-2.930

-0.534,1.560,0.530,-9.155,-18.677,-35.461
-0.585,1.566,0.588,-5.432,-10.498,-30.701
-0.621,1.553,0.641,-1.160,-3.662,-23.804
-0.637,1.531,0.675,4.822,1.709,-14.038
-0.627,1.492,0.673,11.536,4.272,-2.869
-0.577,1.440,0.638,18.127,4.517,9.521
-0.500,1.406,0.594,23.865,3.967,22.278
-0.418,1.372,0.551,27.283,2.869,32.104
-0.326,1.332,0.522,28.870,3.174,38.940
-0.234,1.296,0.516,29.846,5.371,44.922
-0.151,1.250,0.526,30.457,8.118,49.194
-0.083,1.181,0.544,31.799,11.475,51.575
-0.031,1.115,0.556,34.363,14.893,52.856
-0.007,1.046,0.567,36.926,17.090,53.955
0.024,0.966,0.573,39.124,18.616,54.260
0.030,0.908,0.568,39.368,16.724,53.955
0.036,0.857,0.597,37.109,13.672,54.016
0.034,0.799,0.612,33.386,8.667,56.946
0.045,0.736,0.622,31.921,5.310,61.096
0.048,0.664,0.625,31.433,6.165,63.660
0.047,0.580,0.632,28.931,5.249,64.758
0.051,0.503,0.642,24.170,2.014,63.477
0.041,0.432,0.669,18.433,-2.014,61.096
0.027,0.361,0.692,13.794,-5.310,58.899
0.008,0.304,0.727,8.667,-5.859,56.702
-0.026,0.255,0.760,4.456,-5.066,54.810
-0.060,0.203,0.803,1.709,-2.930,53.162
-0.065,0.151,0.834,1.343,1.404,52.368
-0.057,0.113,0.853,2.625,6.042,51.636
-0.048,0.075,0.862,3.357,8.911,48.645
-0.056,0.046,0.873,2.869,11.292,44.678
-0.057,0.023,0.890,1.343,14.343,40.894
-0.056,-0.007,0.906,-1.343,16.541,36.621
-0.072,-0.023,0.924,-4.578,16.541,31.799
-0.099,-0.031,0.949,-7.324,15.625,27.588
-0.120,-0.046,0.985,-8.728,15.747,24.414
-0.116,-0.065,1.002,-8.850,16.785,23.376
-0.116,-0.066,1.024,-7.629,17.334,22.095
-0.119,-0.058,1.037,-5.615,18.250,21.179
-0.125,-0.056,1.053,-3.479,20.508,20.508
-0.119,-0.043,1.071,-0.671,22.583,20.508
-0.106,-0.021,1.075,2.625,22.888,20.386
-0.102,-0.012,1.064,4.089,20.447,19.348
-0.096,-0.000,1.044,4.700,16.663,17.761
-0.096,0.010,1.026,3.845,12.939,16.418
-0.085,0.010,1.018,1.709,10.254,15.381
-0.072,0.020,1.010,-1.099,7.629,14.832
-0.052,0.031,1.012,-4.333,4.578,14.099
-0.038,0.040,1.021,-7.385,2.258,12.451
-0.039,0.052,1.035,-9.583,0.305,9.827
-0.050,0.071,1.057,-10.071,-0.122,7.385
-0.046,0.083,1.069,-9.399,1.892,5.554
-0.048,0.090,1.082,-8.545,4.089,3.479
-0.057,0.101,1.098,-6.836,5.737,0.854
-0.050,0.100,1.154,-4.944,5.188,-2.319
-0.060,0.132,1.160,-4.639,-6.653,-8.545
-0.071,0.159,1.157,-2.014,-11.414,-9.705
-0.072,0.182,1.139,2.625,-10.803,-7.751
-0.075,0.194,1.123,6.775,-7.935,-6.470
-0.088,0.192,1.108,9.949,-5.188,-5.676
-0.095,0.193,1.091,12.939,-3.174,-5.066
-0.101,0.192,1.067,14.893,-3.540,-5.188
-0.107,0.188,1.044,16.052,-4.639,-5.798
-0.118,0.182,1.014,16.663,-6.409,-6.348
-0.131,0.180,0.991,16.296,-7.996,-6.592
-0.140,0.180,0.967,15.625,-9.033,-6.226
-0.145,0.185,0.943,14.404,-9.521,-6.104
-0.154,0.190,0.931,12.329,-9.460,-5.310
-0.155,0.193,0.928,9.949,-8.057,-4.150
-0.151,0.193,0.925,7.568,-7.446,-3.540
-0.157,0.200,0.932,5.188,-7.629,-3.052
-0.157,0.204,0.940,3.723,-7.385,-2.686
-0.156,0.213,0.946,3.296,-5.981,-2.625
-0.158,0.228,0.945,3.540,-4.883,-2.930
-0.160,0.238,0.945,3.601,-2.808,-3.662
-0.162,0.254,0.950,3.601,-0.366,-4.395
-0.164,0.271,0.956,3.601,1.343,-4.944
-0.166,0.282,0.954,2.563,2.319,-5.493
-0.175,0.288,0.955,2.258,2.930,-5.737
-0.180,0.291,0.958,2.625,3.357,-4.700
-0.180,0.293,0.957,3.113,3.113,-3.235
-0.179,0.292,0.954,3.235,2.319,-1.587
-0.174,0.289,0.944,3.052,0.427,0.793
-0.168,0.282,0.939,2.869,-0.793,2.747
-0.158,0.282,0.930,2.808,-1.831,4.333
-0.146,0.278,0.916,2.563,-2.502,4.883
-0.138,0.278,0.911,2.075,-2.625,4.028
-0.136,0.282,0.908,2.075,-1.892,2.686
-0.138,0.287,0.906,2.075,0.305,0.549
-0.152,0.291,0.911,2.319,3.296,-2.197
-0.166,0.296,0.916,2.869,6.165,-4.089
-0.181,0.300,0.919,3.906,7.996,-5.066
-0.195,0.305,0.915,4.578,8.362,-5.432
-0.201,0.310,0.905,5.127,7.568,-4.639
-0.204,0.310,0.897,4.700,6.104,-3.174
-0.202,0.308,0.893,3.967,4.211,-1.831
-0.195,0.302,0.892,2.869,2.014,-0.061
-0.186,0.294,0.893,1.831,0.183,1.465
-0.178,0.289,0.897,0.977,-0.916,2.441
-0.167,0.287,0.896,0.610,-1.343,3.235
-0.158,0.288,0.901,0.427,-1.160,3.296
-0.149,0.288,0.911,0.366,-0.671,2.441
-0.147,0.291,0.924,0.549,-0.061,1.221
-0.146,0.295,0.932,1.221,0.732,-0.183
-0.150,0.297,0.936,1.953,1.709,-1.343
-0.157,0.301,0.938,2.380,2.563,-1.526
-0.165,0.301,0.939,2.930,2.808,-1.343
-0.170,0.299,0.942,3.540,2.136,-0.732
-0.177,0.297,0.948,3.967,1.160,0.305
-0.166,0.286,0.930,5.005,0.427,1.587
-0.171,0.286,0.939,5.432,0.305,2.197
-0.173,0.287,0.927,6.226,-0.061,2.625
-0.168,0.282,0.916,6.775,0.000,2.502
-0.169,0.276,0.903,6.775,0.122,2.197
-0.169,0.284,0.898,6.042,0.061,1.282
-0.174,0.279,0.892,4.700,0.183,0.610
-0.180,0.282,0.896,3.723,0.610,0.061
-0.184,0.281,0.904,3.113,0.977,0.183
-0.181,0.280,0.911,2.747,1.343,0.244

-0.486,1.612,0.592,-45.532,-39.551,-36.377
-0.552,1.601,0.696,-41.382,-48.828,-24.414
-0.590,1.581,0.782,-32.593,-55.725,-13.550
-0.628,1.545,0.836,-20.569,-59.631,-3.479
-0.644,1.516,0.842,-5.798,-60.120,6.592
-0.631,1.479,0.793,8.728,-59.326,17.029
-0.578,1.432,0.714,20.325,-58.838,27.771
-0.476,1.378,0.642,28.320,-58.167,38.940
-0.367,1.313,0.589,32.288,-57.312,47.363
-0.269,1.251,0.547,33.569,-56.396,52.368
-0.185,1.197,0.512,33.508,-53.589,55.359
-0.120,1.156,0.482,32.959,-47.729,57.251
-0.072,1.119,0.477,32.837,-38.879,58.289
-0.024,1.078,0.481,32.227,-27.405,54.382
-0.018,1.038,0.493,32.898,-16.541,50.720
-0.019,1.004,0.500,33.691,-6.287,48.035
-0.018,0.956,0.508,34.363,3.723,48.462
-0.025,0.899,0.526,34.363,12.756,50.659
-0.016,0.842,0.545,33.691,17.395,53.223
0.009,0.772,0.579,31.250,16.479,55.115
0.027,0.712,0.585,24.902,6.592,54.443
0.007,0.673,0.614,16.174,-1.648,56.091
-0.025,0.604,0.634,9.216,-13.428,63.721
-0.029,0.559,0.630,5.920,-18.555,69.763
-0.023,0.491,0.629,2.502,-17.212,75.500
-0.008,0.431,0.638,-2.197,-16.602,78.064
0.008,0.382,0.648,-7.080,-16.541,77.820
0.011,0.351,0.669,-12.695,-14.771,75.256
0.011,0.323,0.703,-17.761,-10.803,71.899
0.021,0.302,0.747,-22.644,-5.005,69.824
0.021,0.283,0.802,-25.940,0.977,67.871
0.017,0.261,0.866,-26.489,7.629,64.880
0.035,0.246,0.925,-24.658,14.709,60.669
0.041,0.232,0.954,-21.240,20.142,55.176
0.026,0.216,0.977,-17.334,24.048,47.729
0.010,0.212,1.006,-13.184,27.344,40.405
0.008,0.209,1.027,-7.446,30.273,34.119
0.005,0.198,1.033,-0.793,32.410,27.283
-0.009,0.186,1.024,4.822,32.532,20.081
-0.042,0.182,1.002,9.338,31.738,13.916
-0.078,0.177,0.981,13.000,30.273,9.460
-0.114,0.158,0.952,15.259,28.137,8.057
-0.140,0.147,0.930,15.442,25.391,8.179
-0.155,0.134,0.918,13.611,21.179,9.521
-0.146,0.122,0.915,10.498,16.602,12.390
-0.123,0.115,0.919,6.531,11.414,15.747
-0.105,0.109,0.938,2.197,6.287,17.761
-0.095,0.101,0.967,-1.221,3.296,18.982
-0.078,0.096,1.000,-3.174,2.747,19.348
-0.053,0.096,1.029,-3.113,1.282,19.348
-0.041,0.090,1.045,-0.793,-0.977,18.066
-0.036,0.081,1.056,3.723,-1.709,15.930
-0.034,0.069,1.053,9.216,-1.709,14.404
-0.022,0.063,1.039,14.038,-2.869,12.817
-0.020,0.057,1.019,18.066,-5.310,10.315
-0.023,0.061,0.998,20.325,-8.301,7.690
-0.027,0.072,0.979,21.423,-10.193,5.066
-0.031,0.081,0.966,21.118,-10.681,2.258
-0.029,0.094,0.985,18.494,-11.963,-1.221
-0.042,0.129,0.957,12.512,-19.165,-5.432
-0.054,0.151,0.951,7.080,-18.860,-5.127
-0.066,0.177,0.963,4.456,-12.268,-3.662
-0.070,0.196,0.995,1.831,-5.371,-2.258
-0.075,0.203,1.040,-1.282,-1.160,-1.831
-0.088,0.215,1.096,-3.479,0.427,-2.686
-0.104,0.224,1.155,-3.906,1.038,-3.845
-0.116,0.227,1.194,-1.953,1.526,-4.089
-0.116,0.229,1.211,2.136,1.831,-3.235
-0.115,0.236,1.198,7.385,0.854,-3.113
-0.117,0.238,1.168,11.841,0.061,-3.784
-0.117,0.241,1.130,14.893,0.061,-4.333
-0.126,0.246,1.092,17.578,0.793,-5.737
-0.135,0.248,1.054,19.287,1.770,-6.775
-0.144,0.255,1.018,19.897,3.174,-6.836
-0.150,0.259,0.991,19.470,4.028,-6.348
-0.150,0.258,0.969,18.066,4.028,-5.554
-0.155,0.261,0.953,16.235,3.235,-4.639
-0.158,0.262,0.940,14.343,2.319,-3.906
-0.159,0.266,0.927,12.207,1.953,-2.991
-0.160,0.273,0.922,10.071,2.502,-2.075
-0.159,0.276,0.921,8.240,3.540,-0.854
-0.157,0.278,0.918,6.714,4.456,0.366
-0.154,0.283,0.919,5.676,5.554,1.282
-0.151,0.293,0.920,5.249,6.287,1.831
-0.151,0.303,0.917,5.127,6.531,1.892
-0.148,0.315,0.914,5.371,6.836,1.892
-0.145,0.327,0.904,5.737,7.507,1.526
-0.147,0.331,0.892,5.676,7.935,0.488
-0.152,0.340,0.888,5.615,8.850,-0.610
-0.162,0.344,0.888,6.042,9.888,-1.404
-0.165,0.345,0.891,6.348,10.437,-1.648
-0.173,0.346,0.890,6.775,9.460,-1.282
-0.172,0.348,0.888,7.263,7.874,-0.244
-0.165,0.348,0.881,7.446,5.737,1.465
-0.157,0.349,0.867,7.385,3.662,2.197
-0.156,0.354,0.856,7.019,2.075,2.502
-0.149,0.358,0.853,6.042,1.587,2.258
-0.144,0.365,0.861,5.127,1.526,1.648
-0.143,0.363,0.868,3.784,1.587,0.610
-0.147,0.365,0.880,2.686,1.465,0.183
-0.151,0.361,0.893,2.502,1.587,-0.366
-0.144,0.354,0.906,2.625,1.648,0.244
-0.139,0.349,0.911,3.113,0.183,1.160
-0.132,0.341,0.909,3.784,-1.282,2.136
-0.118,0.331,0.906,4.395,-2.625,3.235
-0.104,0.327,0.897,4.822,-3.662,3.723
-0.096,0.327,0.890,4.944,-3.601,3.174
-0.092,0.324,0.882,4.272,-2.991,1.587
-0.092,0.324,0.885,3.418,-1.526,0.000
-0.098,0.321,0.892,2.502,-0.183,-1.587
-0.102,0.317,0.901,1.465,0.366,-2.441
-0.111,0.318,0.905,0.793,0.488,-3.113
-0.120,0.316,0.914,0.305,0.732,-3.540
-0.118,0.319,0.923,0.427,0.916,-3.113
-0.122,0.323,0.925,0.977,0.732,-2.625
-0.127,0.329,0.920,1.709,0.000,-2.808
-0.128,0.332,0.913,2.258,-0.305,-2.625
-0.132,0.332,0.911,2.625,0.000,-2.747
-0.136,0.330,0.915,2.563,0.244,-2.869

-0.556,1.518,0.631,-27.283,4.150,-42.480
-0.639,1.534,0.697,-21.118,8.850,-43.396
-0.695,1.546,0.736,-11.780,14.404,-39.246
-0.712,1.536,0.759,-1.099,20.325,-30.151
-0.679,1.472,0.750,8.301,24.353,-17.578
-0.591,1.391,0.718,15.686,23.499,-2.136
-0.475,1.297,0.689,20.264,16.602,11.841
-0.352,1.210,0.663,21.729,5.432,24.475
-0.227,1.127,0.635,21.118,-6.714,34.851
-0.137,1.065,0.623,20.325,-15.991,42.542
-0.059,1.003,0.630,19.104,-20.081,45.959
-0.016,0.945,0.648,18.921,-20.508,47.241
0.013,0.890,0.674,20.874,-18.372,47.363
0.022,0.836,0.676,21.851,-16.663,46.936
0.036,0.789,0.692,21.118,-13.916,49.194
0.033,0.750,0.678,21.973,-15.991,54.321
0.038,0.712,0.666,23.376,-15.198,57.190
0.045,0.665,0.665,23.437,-13.977,59.937
0.062,0.608,0.662,22.278,-14.648,62.378
0.077,0.560,0.669,19.714,-15.625,63.110
0.089,0.510,0.674,16.479,-16.418,63.599
0.110,0.442,0.679,12.573,-15.198,64.331
0.133,0.376,0.685,8.362,-13.306,63.232
0.140,0.331,0.692,4.333,-11.597,59.998
0.138,0.294,0.713,-0.061,-8.362,55.298
0.132,0.243,0.742,-4.272,-3.784,50.903
0.127,0.224,0.786,-6.897,1.892,47.119
0.129,0.187,0.835,-8.789,8.667,41.504
0.113,0.149,0.874,-9.277,15.015,36.804
0.094,0.125,0.916,-8.545,20.142,32.349
0.079,0.109,0.944,-7.568,22.766,27.832
0.052,0.087,0.968,-6.531,22.827,23.743
0.011,0.073,0.987,-5.981,20.996,20.935
-0.005,0.063,1.000,-4.272,18.799,20.386
-0.015,0.057,1.001,-2.747,16.113,21.423
-0.019,0.043,0.990,-1.770,11.597,22.034
-0.012,0.038,0.978,-2.075,6.470,22.522
-0.008,0.039,0.962,-3.052,2.014,23.010
-0.005,0.037,0.951,-5.127,-1.465,22.339
-0.004,0.034,0.948,-8.179,-3.296,20.874
-0.004,0.033,0.958,-10.742,-3.845,18.738
-0.012,0.045,0.978,-12.207,-2.136,15.869
-0.012,0.056,1.001,-12.390,1.831,12.634
-0.001,0.078,1.022,-11.658,7.019,9.888
0.002,0.104,1.047,-10.559,10.986,6.836
0.002,0.120,1.076,-10.071,13.367,3.662
-0.026,0.149,1.112,-8.728,14.526,2.197
-0.035,0.164,1.157,-6.287,15.198,1.465
-0.035,0.167,1.174,-3.845,13.855,1.160
-0.039,0.170,1.182,-0.366,9.583,2.869
-0.036,0.170,1.159,3.418,3.418,4.883
-0.025,0.178,1.126,6.470,-2.441,6.958
-0.014,0.179,1.091,8.057,-6.836,7.812
-0.015,0.188,1.065,8.911,-10.071,7.385
-0.018,0.189,1.038,8.972,-11.292,5.859
-0.023,0.196,1.019,9.399,-10.193,4.578
-0.029,0.203,1.004,9.888,-8.118,2.991
-0.042,0.212,0.991,10.254,-5.615,1.526
-0.050,0.216,0.983,10.681,-2.991,-0.183
-0.060,0.216,0.979,10.864,-1.404,-1.282
-0.071,0.219,0.976,10.986,-0.732,-1.709
-0.076,0.220,0.968,11.047,-0.671,-1.404
-0.075,0.218,0.963,10.620,-1.282,-0.671
-0.075,0.219,0.957,10.315,-3.235,0.183
-0.071,0.227,0.945,10.132,-6.531,0.610
-0.071,0.234,0.929,9.644,-9.338,1.709
-0.070,0.238,0.914,9.033,-10.437,2.197
-0.071,0.243,0.909,8.362,-9.949,1.770
-0.072,0.247,0.904,7.507,-8.484,1.160
-0.073,0.259,0.901,6.653,-6.653,0.366
-0.081,0.269,0.901,5.310,-4.761,-0.732
-0.093,0.276,0.910,3.662,-2.930,-1.282
-0.096,0.283,0.927,2.319,-1.343,-1.343
-0.100,0.292,0.945,1.831,-0.610,-0.977
-0.103,0.295,0.958,1.587,-0.977,0.061
-0.098,0.300,0.962,1.831,-1.770,1.099
-0.095,0.302,0.964,2.197,-2.991,2.258
-0.088,0.298,0.960,2.502,-4.517,3.174
-0.081,0.299,0.954,2.686,-5.981,4.211
-0.080,0.301,0.952,2.686,-7.080,4.333
-0.085,0.301,0.945,2.563,-7.202,4.089
-0.087,0.301,0.943,3.113,-5.920,3.723
-0.090,0.295,0.944,3.296,-4.089,2.930
-0.090,0.302,0.949,3.540,-2.502,2.686
-0.086,0.303,0.951,3.723,-1.343,1.953
-0.082,0.299,0.956,3.662,0.000,1.404
-0.080,0.302,0.961,3.906,1.038,1.221
-0.076,0.306,0.956,4.578,1.160,0.793
-0.081,0.306,0.956,4.578,1.099,0.427
-0.083,0.304,0.955,4.761,0.671,0.122
-0.084,0.301,0.948,5.127,0.427,0.427
-0.085,0.300,0.943,5.554,0.305,1.343
-0.086,0.301,0.933,5.249,0.000,1.831
-0.082,0.298,0.923,4.456,-0.427,2.197
-0.084,0.298,0.915,3.662,-0.854,2.197
-0.086,0.296,0.912,2.930,-1.038,1.892
-0.085,0.302,0.910,2.441,-0.671,1.709
-0.085,0.301,0.911,1.526,-0.122,0.977
-0.091,0.306,0.916,1.099,0.549,-0.305
-0.100,0.311,0.925,1.587,1.831,-1.526
-0.104,0.313,0.927,2.136,3.052,-1.831
-0.104,0.312,0.918,2.563,3.479,-1.831
-0.106,0.314,0.917,2.502,2.869,-1.709
-0.108,0.318,0.916,2.502,2.319,-1.221
-0.110,0.318,0.916,2.502,1.709,-0.854
-0.113,0.319,0.911,2.930,0.732,-0.061
-0.110,0.320,0.905,3.174,-0.244,0.977
-0.110,0.320,0.895,3.052,-1.099,1.343
-0.110,0.316,0.893,2.747,-1.465,1.221
-0.109,0.315,0.894,2.380,-1.282,1.038
-0.110,0.318,0.897,2.319,-0.854,0.244
-0.113,0.324,0.896,2.136,-0.061,-0.183
-0.115,0.326,0.901,2.197,2.136,0.488
-0.114,0.328,0.907,2.319,1.587,-0.183
-0.114,0.330,0.912,2.075,-0.427,-0.366
-0.114,0.327,0.912,1.587,-1.648,0.244
-0.107,0.326,0.916,1.587,-1.465,1.221
-0.102,0.317,0.920,1.648,-1.953,1.953
-0.098,0.313,0.925,2.075,-2.869,2.136

-0.414,1.446,0.800,10.559,-39.246,-16.968
-0.454,1.472,0.815,13.550,-49.561,-9.766
-0.490,1.462,0.822,16.602,-56.030,-3.601
-0.523,1.445,0.817,20.386,-59.265,2.686
-0.543,1.433,0.795,24.963,-59.570,11.108
-0.518,1.399,0.770,29.053,-56.885,21.484
-0.464,1.361,0.750,32.166,-52.246,31.982
-0.396,1.302,0.734,34.973,-47.363,39.612
-0.312,1.243,0.712,38.391,-41.687,45.532
-0.232,1.189,0.676,41.748,-34.668,50.110
-0.170,1.137,0.645,44.739,-25.818,52.979
-0.112,1.069,0.623,46.997,-15.076,53.467
-0.052,1.005,0.600,48.889,-4.700,54.382
-0.020,0.949,0.583,49.927,4.333,54.565
0.020,0.892,0.580,49.805,11.597,53.101
0.050,0.829,0.585,49.438,16.235,52.795
0.059,0.800,0.581,47.424,15.747,50.781
0.070,0.755,0.607,42.786,13.916,50.049
0.049,0.697,0.624,36.682,7.202,54.016
0.044,0.631,0.632,32.715,-0.549,58.899
0.046,0.548,0.628,29.907,-5.432,63.660
0.054,0.458,0.619,25.085,-10.315,66.956
0.053,0.384,0.608,19.104,-16.479,67.017
0.049,0.330,0.599,11.902,-20.081,64.636
0.046,0.288,0.608,4.883,-18.921,61.279
0.053,0.255,0.639,-1.709,-13.000,58.594
0.081,0.226,0.691,-6.714,-4.211,55.725
0.101,0.191,0.742,-10.437,5.493,51.147
0.105,0.165,0.798,-13.550,15.198,44.312
0.099,0.152,0.863,-15.015,24.048,37.720
0.083,0.128,0.930,-14.404,30.640,33.386
0.056,0.111,0.993,-11.597,34.668,30.334
0.039,0.085,1.032,-6.714,35.156,28.503
0.023,0.065,1.053,-1.221,31.982,27.710
0.018,0.039,1.055,3.540,25.757,28.198
0.007,0.002,1.050,5.615,18.250,28.442
0.005,-0.030,1.024,6.165,10.742,28.931
0.016,-0.055,1.006,5.066,3.967,29.419
0.028,-0.072,0.992,3.113,-0.916,29.297
0.041,-0.094,0.990,0.488,-2.747,28.137
0.041,-0.102,1.001,-1.526,-2.014,25.574
0.043,-0.107,1.020,-1.892,0.427,23.071
0.048,-0.116,1.040,-1.404,2.930,21.240
0.047,-0.116,1.055,-0.122,3.235,19.226
0.042,-0.109,1.069,1.526,1.953,17.883
0.042,-0.118,1.081,3.296,0.244,17.029
0.047,-0.111,1.072,3.967,-2.991,16.113
0.047,-0.099,1.047,3.662,-7.263,14.771
0.043,-0.091,1.026,2.258,-10.254,13.184
0.036,-0.079,1.006,0.488,-11.719,11.292
0.018,-0.066,1.000,-1.709,-11.658,8.850
0.005,-0.053,1.000,-3.418,-10.254,6.714
-0.005,-0.035,1.001,-5.066,-8.240,5.432
-0.019,-0.012,1.005,-7.080,-7.385,4.395
-0.035,0.011,1.024,-9.033,-6.897,3.784
-0.043,0.032,1.045,-9.888,-6.531,3.723
-0.048,0.062,1.064,-9.888,-7.019,4.150
-0.052,0.090,1.076,-9.277,-7.324,4.028
-0.047,0.104,1.092,-8.301,-6.714,3.357
-0.048,0.124,1.102,-6.897,-5.432,1.648
-0.048,0.144,1.093,-5.127,-3.723,-0.793
-0.063,0.162,1.083,-4.028,-1.465,-3.113
-0.078,0.177,1.083,-3.235,1.404,-5.554
-0.089,0.187,1.083,-1.953,4.272,-7.263
-0.099,0.200,1.072,-0.122,5.859,-8.362
-0.108,0.219,1.054,1.892,6.897,-9.216
-0.115,0.237,1.034,3.113,7.629,-9.827
-0.124,0.251,1.012,3.174,7.812,-9.827
-0.137,0.263,0.997,2.747,7.324,-10.132
-0.150,0.270,0.985,2.380,6.897,-9.888
-0.164,0.275,0.985,2.197,6.348,-8.301
-0.173,0.281,0.986,2.991,5.676,-6.226
-0.179,0.282,0.981,4.089,4.639,-3.906
-0.181,0.282,0.965,4.822,2.625,-2.014
-0.174,0.280,0.949,5.432,1.160,-0.366
-0.160,0.275,0.933,5.737,0.305,1.099
-0.148,0.274,0.916,5.554,0.061,1.892
-0.130,0.274,0.908,5.127,0.305,2.563
-0.115,0.278,0.899,4.395,0.427,2.625
-0.111,0.282,0.901,3.418,0.732,2.014
-0.109,0.283,0.906,2.930,1.892,0.916
-0.108,0.282,0.916,2.869,3.418,0.549
-0.108,0.280,0.923,3.357,3.784,0.549
-0.111,0.275,0.930,3.906,3.296,0.977
-0.107,0.272,0.934,4.517,2.136,2.258
-0.103,0.265,0.931,5.249,0.610,3.357
-0.094,0.264,0.927,6.226,-1.160,3.967
-0.086,0.265,0.917,7.263,-2.319,4.761
-0.078,0.263,0.907,7.690,-3.113,5.005
-0.073,0.267,0.894,7.751,-3.418,4.517
-0.074,0.264,0.888,6.836,-3.479,4.150
-0.076,0.269,0.890,5.798,-3.418,3.357
-0.078,0.267,0.898,4.517,-3.174,2.808
-0.083,0.266,0.905,3.784,-2.991,1.770
-0.088,0.265,0.912,3.479,-2.930,1.160
-0.094,0.264,0.918,3.235,-2.502,0.488
-0.098,0.264,0.917,3.052,-1.953,0.244
-0.104,0.266,0.919,2.686,-1.770,-0.122
-0.109,0.270,0.923,2.319,-1.892,-0.122
-0.112,0.272,0.930,2.258,-2.014,0.610
-0.105,0.274,0.932,2.258,-2.136,1.221
-0.100,0.265,0.934,1.709,-2.625,1.709
-0.096,0.263,0.937,1.160,-3.113,1.831
-0.089,0.262,0.941,1.404,-2.686,1.587
-0.089,0.262,0.942,1.648,-2.258,1.282
-0.087,0.264,0.938,2.014,-2.197,0.793
-0.090,0.261,0.934,1.709,-1.648,-0.366
-0.099,0.262,0.935,1.587,-1.099,-1.160
-0.107,0.266,0.939,1.587,-0.488,-1.404
-0.117,0.267,0.945,1.709,-0.427,-1.648
-0.128,0.268,0.946,2.197,-0.732,-1.831
-0.132,0.270,0.942,2.747,-1.160,-1.831
-0.139,0.270,0.938,3.235,-1.160,-1.587
-0.144,0.272,0.932,3.418,-1.099,-1.160
-0.149,0.272,0.926,3.540,-0.671,-0.183
-0.147,0.269,0.925,3.601,-0.732,0.793
-0.143,0.267,0.922,3.174,-1.709,1.221
-0.139,0.261,0.920,2.747,-2.563,1.465
-0.131,0.260,0.919,2.197,-3.052,2.075

-0.595,1.640,0.497,-31.921,-56.824,-66.833
-0.718,1.628,0.568,-34.119,-42.664,-69.519
-0.843,1.612,0.645,-33.142,-28.870,-65.308
-0.935,1.587,0.717,-26.672,-16.846,-51.941
-0.940,1.529,0.772,-17.883,-9.888,-31.433
-0.867,1.476,0.789,-8.301,-9.888,-8.301
-0.731,1.409,0.760,1.831,-17.334,15.137
-0.560,1.347,0.706,9.155,-28.625,35.767
-0.359,1.277,0.642,12.390,-38.696,50.232
-0.190,1.243,0.582,13.916,-42.419,57.800
-0.060,1.217,0.543,14.221,-37.598,56.396
0.022,1.197,0.531,13.672,-24.902,49.194
0.055,1.187,0.540,13.733,-5.920,39.551
0.064,1.159,0.571,15.198,14.587,30.701
0.040,1.154,0.605,19.348,31.799,22.705
0.025,1.129,0.663,23.193,44.373,19.165
-0.022,1.084,0.708,24.109,44.250,22.156
-0.061,1.035,0.734,27.405,35.339,31.433
-0.082,0.961,0.752,32.898,26.978,45.166
-0.089,0.875,0.743,36.865,15.808,60.303
-0.066,0.773,0.724,38.086,0.549,72.754
-0.020,0.686,0.699,36.072,-18.921,81.787
0.010,0.608,0.671,31.921,-34.912,86.182
0.019,0.526,0.648,25.146,-42.480,84.900
0.033,0.451,0.660,16.602,-39.734,80.017
0.046,0.396,0.707,9.277,-30.151,73.364
0.037,0.344,0.766,4.578,-18.982,65.308
0.013,0.295,0.842,1.038,-8.301,56.335
-0.015,0.252,0.917,0.305,0.366,48.523
-0.049,0.188,0.991,2.136,7.263,42.786
-0.066,0.153,1.043,5.371,12.085,39.246
-0.092,0.112,1.087,9.521,13.733,37.292
-0.100,0.064,1.108,14.954,13.733,36.133
-0.110,0.035,1.097,19.775,11.536,36.011
-0.109,0.006,1.079,22.583,8.362,34.668
-0.095,-0.007,1.060,24.475,5.432,32.471
-0.075,-0.031,1.031,24.719,3.601,29.480
-0.069,-0.053,1.014,22.827,3.052,25.146
-0.077,-0.053,1.012,20.935,2.991,20.508
-0.087,-0.072,1.022,19.775,4.456,15.381
-0.102,-0.093,1.032,19.409,5.676,12.390
-0.122,-0.102,1.042,20.569,5.615,11.047
-0.127,-0.120,1.047,22.217,5.493,10.559
-0.135,-0.149,1.041,24.170,4.395,10.986
-0.148,-0.157,1.021,25.452,2.319,10.803
-0.156,-0.165,0.999,26.367,1.404,9.827
-0.164,-0.182,0.983,25.513,2.441,8.911
-0.166,-0.192,0.982,23.926,3.845,8.728
-0.158,-0.188,0.991,22.034,4.944,9.155
-0.147,-0.174,1.000,20.081,5.432,9.827
-0.116,-0.161,1.009,17.883,5.554,10.986
-0.092,-0.144,1.018,15.686,5.127,11.169
-0.059,-0.137,1.013,14.221,3.662,11.475
-0.051,-0.107,1.034,12.390,2.686,12.268
-0.041,-0.092,1.037,11.169,2.380,13.428
-0.031,-0.071,1.035,10.925,2.258,15.076
-0.019,-0.055,1.023,11.230,1.282,16.052
-0.018,-0.034,1.008,11.719,-1.282,14.832
-0.028,-0.014,0.990,12.085,-3.906,11.536
-0.053,0.004,0.968,11.414,-4.028,6.653
-0.088,0.025,0.953,10.925,-1.526,1.343
-0.123,0.047,0.942,9.583,1.892,-3.052
-0.161,0.069,0.945,7.690,4.517,-7.080
-0.207,0.096,0.952,6.226,4.333,-10.193
-0.250,0.117,0.954,4.578,2.930,-11.169
-0.277,0.144,0.958,3.418,1.343,-10.193
-0.303,0.161,0.965,2.808,-0.366,-7.446
-0.310,0.176,0.970,2.563,-1.892,-3.418
-0.306,0.189,0.974,2.808,-3.784,0.305
-0.294,0.201,0.961,3.418,-5.737,3.784
-0.281,0.203,0.941,2.991,-7.385,6.042
-0.267,0.210,0.927,2.319,-8.240,7.202
-0.252,0.212,0.917,1.282,-7.751,7.141
-0.241,0.213,0.914,0.244,-6.226,5.432
-0.237,0.217,0.912,-0.366,-3.418,2.258
-0.241,0.225,0.914,-1.038,0.000,-0.488
-0.250,0.230,0.919,-1.526,3.479,-2.319
-0.251,0.238,0.922,-2.014,5.737,-2.625
-0.253,0.246,0.926,-2.319,6.165,-1.892
-0.255,0.253,0.936,-2.747,5.127,-0.916
-0.245,0.258,0.945,-2.441,4.211,0.977
-0.230,0.254,0.947,-1.526,2.991,3.601
-0.213,0.249,0.943,-0.854,1.099,5.798
-0.204,0.254,0.934,-0.366,-0.916,7.080
-0.192,0.254,0.931,0.122,-1.953,7.812
-0.183,0.253,0.929,0.854,-1.587,7.446
-0.180,0.253,0.925,1.770,-0.793,6.348
-0.179,0.252,0.922,2.502,-0.061,4.822
-0.182,0.253,0.921,2.380,0.671,3.784
-0.179,0.251,0.920,1.831,1.709,2.686
-0.178,0.246,0.924,1.282,2.686,2.258
-0.179,0.241,0.928,1.221,3.296,1.343
-0.175,0.232,0.931,1.282,3.418,0.977
-0.175,0.232,0.935,1.282,2.747,1.099
-0.176,0.227,0.934,1.343,1.404,1.099
-0.173,0.224,0.933,1.526,0.488,1.465
-0.175,0.227,0.932,1.953,0.000,1.770
-0.180,0.228,0.926,2.441,-0.122,1.404
-0.189,0.233,0.924,2.625,-0.061,1.099
-0.196,0.235,0.915,2.747,0.122,1.099
-0.204,0.232,0.915,2.625,0.366,1.648
-0.204,0.235,0.918,2.502,0.977,2.014
-0.206,0.233,0.918,1.892,0.977,2.441
-0.209,0.231,0.924,1.282,0.610,2.380
-0.214,0.226,0.930,1.099,0.427,2.747
-0.211,0.227,0.935,1.404,0.366,3.479
-0.209,0.224,0.925,1.709,0.061,3.784
-0.208,0.220,0.921,0.916,-0.427,4.089
-0.209,0.220,0.925,0.610,-0.916,3.540
-0.216,0.223,0.929,0.671,-0.549,2.502
-0.223,0.222,0.932,0.977,0.793,1.160
-0.229,0.222,0.935,1.831,2.258,0.000
-0.236,0.221,0.939,2.747,3.052,-0.977
-0.237,0.232,0.933,3.662,2.808,-0.854
-0.239,0.229,0.914,3.601,2.197,-0.732
-0.240,0.227,0.906,3.174,1.343,0.000
-0.235,0.222,0.907,2.808,1.099,1.099
-0.227,0.219,0.908,1.831,0.793,2.075
-0.220,0.213,0.908,0.610,-0.122,2.930

-0.738,1.503,0.577,-42.358,-24.414,-38.025
-0.825,1.503,0.707,-41.870,-14.893,-33.325
-0.896,1.506,0.818,-36.133,-5.737,-26.855
-0.908,1.493,0.891,-24.902,1.404,-16.479
-0.852,1.435,0.923,-12.146,5.188,-0.732
-0.750,1.370,0.920,0.793,2.869,17.395
-0.593,1.253,0.865,10.742,-5.737,33.508
-0.430,1.149,0.783,17.334,-18.494,47.668
-0.281,1.063,0.697,20.691,-30.396,55.847
-0.158,0.989,0.620,21.484,-36.255,57.922
-0.071,0.911,0.567,20.020,-32.959,54.810
-0.021,0.863,0.536,18.860,-21.729,49.194
0.005,0.836,0.528,17.822,-5.005,42.236
0.021,0.785,0.533,16.663,13.855,33.630
0.021,0.765,0.557,17.273,30.945,27.039
0.012,0.735,0.608,17.822,43.457,22.339
0.004,0.730,0.629,17.395,48.462,18.860
0.003,0.680,0.698,13.245,49.988,19.836
-0.007,0.618,0.739,8.484,38.696,23.865
-0.030,0.584,0.756,6.531,24.902,31.677
-0.043,0.554,0.777,6.042,14.954,41.565
-0.034,0.531,0.791,4.333,4.822,49.866
-0.018,0.488,0.795,1.526,-4.272,54.871
-0.010,0.448,0.794,-1.160,-10.864,57.495
-0.016,0.414,0.784,-3.540,-15.564,58.411
-0.019,0.373,0.788,-6.958,-19.287,57.922
-0.022,0.334,0.796,-9.705,-21.301,56.152
-0.025,0.307,0.814,-11.536,-19.592,53.528
-0.031,0.275,0.828,-12.878,-14.160,50.049
-0.035,0.246,0.839,-14.343,-7.507,46.082
-0.042,0.235,0.860,-15.320,-2.075,42.114
-0.061,0.228,0.886,-16.357,2.380,37.598
-0.079,0.211,0.916,-16.846,6.287,33.386
-0.083,0.214,0.937,-16.296,8.240,31.799
-0.100,0.249,0.971,-13.550,7.812,33.142
-0.108,0.245,0.978,-13.245,7.324,30.823
-0.127,0.242,0.992,-13.062,6.348,28.870
-0.145,0.237,0.995,-11.475,3.845,28.931
-0.158,0.233,0.993,-9.705,0.488,28.931
-0.168,0.214,0.991,-8.179,-2.014,28.931
-0.175,0.199,0.988,-6.775,-3.235,29.297
-0.179,0.181,0.988,-5.310,-3.174,29.419
-0.168,0.167,0.987,-3.845,-2.930,30.029
-0.164,0.155,0.985,-2.441,-4.150,30.212
-0.161,0.151,0.982,-0.549,-5.981,29.175
-0.161,0.144,0.975,1.709,-6.958,27.405
-0.164,0.143,0.963,3.418,-6.287,25.574
-0.164,0.149,0.955,5.188,-5.493,23.926
-0.179,0.146,0.949,6.348,-4.639,20.996
-0.179,0.146,0.940,6.470,-3.174,18.311
-0.184,0.170,0.935,6.958,-2.136,16.663
-0.202,0.173,0.921,7.019,-1.282,14.587
-0.220,0.179,0.913,6.226,-0.549,12.451
-0.234,0.184,0.919,5.127,0.244,12.390
-0.248,0.206,0.934,3.845,-0.366,13.733
-0.255,0.226,0.938,3.235,-2.930,15.686
-0.257,0.240,0.932,2.441,-6.226,18.677
-0.257,0.249,0.924,1.526,-10.071,22.278
-0.258,0.269,0.917,0.671,-14.404,25.940
-0.265,0.272,0.904,0.549,-17.151,29.541
-0.272,0.276,0.896,0.488,-16.724,33.264
-0.252,0.269,0.892,-0.244,-15.442,35.950
-0.240,0.261,0.900,-1.465,-15.869,37.292
-0.223,0.255,0.910,-2.136,-18.127,37.231
-0.223,0.249,0.919,-2.625,-21.484,34.058
-0.211,0.249,0.928,-3.662,-22.766,28.564
-0.219,0.244,0.937,-3.662,-21.423,21.240
-0.227,0.248,0.938,-1.892,-16.968,14.893
-0.249,0.254,0.942,0.427,-10.254,8.545
-0.265,0.266,0.947,3.723,-2.869,3.479
-0.270,0.285,0.953,6.897,3.235,-0.061
-0.282,0.293,0.945,9.094,6.714,-2.991
-0.291,0.308,0.935,10.437,8.667,-5.188
-0.291,0.322,0.923,10.315,10.132,-5.066
-0.293,0.330,0.922,9.033,10.986,-4.272
-0.294,0.336,0.928,7.202,10.315,-2.625
-0.289,0.339,0.936,5.127,8.362,-0.427
-0.285,0.340,0.945,3.357,5.127,2.808
-0.282,0.337,0.948,1.953,1.709,5.615
-0.274,0.339,0.953,0.732,-0.977,8.240
-0.269,0.335,0.955,-0.061,-2.319,9.827
-0.265,0.332,0.962,0.305,-2.197,10.498
-0.261,0.328,0.968,1.892,-0.610,9.949
-0.257,0.328,0.964,3.479,1.465,8.728
-0.255,0.329,0.953,5.127,3.540,6.592
-0.255,0.332,0.942,6.409,5.005,4.456
-0.253,0.333,0.934,6.897,6.287,3.113
-0.252,0.333,0.934,7.080,7.324,2.502
-0.251,0.337,0.938,7.385,8.118,2.014
-0.249,0.333,0.939,7.629,8.545,1.526
-0.247,0.328,0.942,8.057,8.362,1.282
-0.246,0.323,0.940,8.850,8.301,1.587
-0.240,0.315,0.928,9.460,7.935,2.075
-0.230,0.310,0.917,9.583,7.446,2.197
-0.223,0.306,0.905,9.399,6.470,2.319
-0.218,0.304,0.894,8.850,6.165,1.465
-0.219,0.308,0.891,8.789,6.653,0.183
-0.224,0.306,0.887,8.850,8.240,-1.648
-0.230,0.303,0.885,8.728,10.376,-2.991
-0.238,0.299,0.887,8.484,11.658,-3.784
-0.243,0.298,0.890,7.996,11.902,-4.089
-0.249,0.293,0.888,7.629,11.353,-3.784
-0.250,0.289,0.887,7.202,9.827,-2.686
-0.247,0.289,0.885,7.019,7.507,-0.977
-0.239,0.286,0.885,6.714,4.822,1.099
-0.224,0.284,0.879,6.470,2.441,3.174
-0.213,0.280,0.866,5.798,0.305,3.967
-0.208,0.279,0.857,5.310,-1.160,3.113
-0.206,0.282,0.858,4.883,-0.549,1.526
-0.211,0.281,0.860,4.517,1.282,-0.610
-0.220,0.292,0.867,4.822,3.662,-2.625
-0.238,0.295,0.875,5.066,5.127,-4.089
-0.250,0.302,0.881,5.371,5.554,-5.066
-0.259,0.309,0.881,6.165,5.371,-5.310
-0.264,0.308,0.876,6.592,4.700,-5.615
-0.269,0.310,0.874,6.775,4.272,-5.127
-0.272,0.315,0.871,6.592,3.296,-4.028
-0.276,0.313,0.864,5.798,1.953,-2.686
-0.276,0.312,0.864,5.249,0.977,-1.648